,avg_val_loss,accuracy,binary_accuracy,AUC_ovr,AUC_filtered,mae,mse,cwce
c30_25D_2411_1543,0.44998223203070026,0.5055350661277771,0.8024691358024691,0.7312143242335617,0.8750198255352895,0.5756457448005676,0.7527675032615662,0.34189873933792114
c50_25D_2411_1812,0.4640057196511942,0.49815496802330017,0.7901234567901234,0.6983738202325045,0.8475812846946869,0.5977859497070312,0.8044280409812927,0.3140590190887451
c70_25D_2411_1705,0.5113563322845627,0.4797047972679138,0.7160493827160493,0.670005520656963,0.8396510705789056,0.6236162185668945,0.830258309841156,0.36371153593063354
c30_3D_2411_1947,0.4792149421923301,0.509225070476532,0.7654320987654321,0.7087483542627565,0.8704203013481364,0.5682656764984131,0.7306272983551025,0.3939867317676544
c50_3D_2411_1831,0.4217798554283731,0.5166051387786865,0.7962962962962963,0.7439013406221401,0.8896114195083268,0.5461254715919495,0.6715866923332214,0.3578715920448303
c70_3D_2411_1824,0.5167492875719771,0.45018449425697327,0.7839506172839507,0.6419786143750632,0.7801744647105473,0.7084870934486389,1.0258302688598633,0.27178484201431274
